connector,pin,net,kind,bank,io_voltage,cbus_assignable,source
C2399,1,VCCIO2,power,,,no,tang_mega_138k_30353_Schematics.pdf sheet 6
C2399,2,GND,ground,,,no,tang_mega_138k_30353_Schematics.pdf sheet 6
C2399,3,GND,ground,,,no,tang_mega_138k_30353_Schematics.pdf sheet 6
C2399,4,BANK2_C20_IOR47B,gpio_bidir_3v3,2,3.3V,yes,tang_mega_138k_30353_Schematics.pdf sheet 6
C2399,5,BANK2_A21_IOR44B,gpio_bidir_3v3,2,3.3V,yes,tang_mega_138k_30353_Schematics.pdf sheet 6
C2399,6,BANK2_D20_IOR47A,gpio_bidir_3v3,2,3.3V,yes,tang_mega_138k_30353_Schematics.pdf sheet 6
C2399,7,BANK2_B21_IOR44A,gpio_bidir_3v3,2,3.3V,yes,tang_mega_138k_30353_Schematics.pdf sheet 6
C2399,8,GND,ground,,,no,tang_mega_138k_30353_Schematics.pdf sheet 6
C2399,9,GND,ground,,,no,tang_mega_138k_30353_Schematics.pdf sheet 6
C2399,10,BANK2_D19_IOR29B,gpio_bidir_3v3,2,3.3V,yes,tang_mega_138k_30353_Schematics.pdf sheet 6
C2399,11,BANK2_A20_IOR40B,gpio_bidir_3v3,2,3.3V,yes,tang_mega_138k_30353_Schematics.pdf sheet 6
C2399,12,BANK2_E19_IOR29A,gpio_bidir_3v3,2,3.3V,yes,tang_mega_138k_30353_Schematics.pdf sheet 6
C2399,13,BANK2_B20_IOR40A,gpio_bidir_3v3,2,3.3V,yes,tang_mega_138k_30353_Schematics.pdf sheet 6
C2399,14,GND,ground,,,no,tang_mega_138k_30353_Schematics.pdf sheet 6
C2399,15,GND,ground,,,no,tang_mega_138k_30353_Schematics.pdf sheet 6
C2399,16,BANK2_C19_IOR31B,gpio_bidir_3v3,2,3.3V,yes,tang_mega_138k_30353_Schematics.pdf sheet 6
C2399,17,BANK2_A19_IOR38B,gpio_bidir_3v3,2,3.3V,yes,tang_mega_138k_30353_Schematics.pdf sheet 6
C2399,18,BANK2_C18_IOR31A,gpio_bidir_3v3,2,3.3V,yes,tang_mega_138k_30353_Schematics.pdf sheet 6
C2399,19,BANK2_A18_IOR38A,gpio_bidir_3v3,2,3.3V,yes,tang_mega_138k_30353_Schematics.pdf sheet 6
C2399,20,GND,ground,,,no,tang_mega_138k_30353_Schematics.pdf sheet 6
C2399,21,GND,ground,,,no,tang_mega_138k_30353_Schematics.pdf sheet 6
C2399,22,BANK2_E17_IOR13B,gpio_bidir_3v3,2,3.3V,yes,tang_mega_138k_30353_Schematics.pdf sheet 6
C2399,23,BANK2_B18_IOR24B,gpio_bidir_3v3,2,3.3V,yes,tang_mega_138k_30353_Schematics.pdf sheet 6
C2399,24,BANK2_F16_IOR13A,gpio_bidir_3v3,2,3.3V,yes,tang_mega_138k_30353_Schematics.pdf sheet 6
C2399,25,BANK2_B17_IOR24A,gpio_bidir_3v3,2,3.3V,yes,tang_mega_138k_30353_Schematics.pdf sheet 6
C2399,26,GND,ground,,,no,tang_mega_138k_30353_Schematics.pdf sheet 6
C2399,27,GND,ground,,,no,tang_mega_138k_30353_Schematics.pdf sheet 6
C2399,28,BANK2_D16_IOR6B,gpio_bidir_3v3,2,3.3V,yes,tang_mega_138k_30353_Schematics.pdf sheet 6
C2399,29,BANK2_C17_IOR26B,gpio_bidir_3v3,2,3.3V,yes,tang_mega_138k_30353_Schematics.pdf sheet 6
C2399,30,BANK2_E16_IOR6A,gpio_bidir_3v3,2,3.3V,yes,tang_mega_138k_30353_Schematics.pdf sheet 6
C2399,31,BANK2_D17_IOR26A,gpio_bidir_3v3,2,3.3V,yes,tang_mega_138k_30353_Schematics.pdf sheet 6
C2399,32,GND,ground,,,no,tang_mega_138k_30353_Schematics.pdf sheet 6
C2399,33,GND,ground,,,no,tang_mega_138k_30353_Schematics.pdf sheet 6
C2399,34,BANK2_D15_IOR4B,gpio_bidir_3v3,2,3.3V,yes,tang_mega_138k_30353_Schematics.pdf sheet 6
C2399,35,BANK2_A16_IOR20B,gpio_bidir_3v3,2,3.3V,yes,tang_mega_138k_30353_Schematics.pdf sheet 6
C2399,36,BANK2_D14_IOR4A,gpio_bidir_3v3,2,3.3V,yes,tang_mega_138k_30353_Schematics.pdf sheet 6
C2399,37,BANK2_A15_IOR20A,gpio_bidir_3v3,2,3.3V,yes,tang_mega_138k_30353_Schematics.pdf sheet 6
C2399,38,GND,ground,,,no,tang_mega_138k_30353_Schematics.pdf sheet 6
C2399,39,GND,ground,,,no,tang_mega_138k_30353_Schematics.pdf sheet 6
C2399,40,BANK2_F15_IOR1A,gpio_bidir_3v3,2,3.3V,yes,tang_mega_138k_30353_Schematics.pdf sheet 6
C2399,41,BANK2_B16_IOR22B,gpio_bidir_3v3,2,3.3V,yes,tang_mega_138k_30353_Schematics.pdf sheet 6
C2399,42,BANK2_F14_IOR11B,gpio_bidir_3v3,2,3.3V,yes,tang_mega_138k_30353_Schematics.pdf sheet 6
C2399,43,BANK2_B15_IOR22A,gpio_bidir_3v3,2,3.3V,yes,tang_mega_138k_30353_Schematics.pdf sheet 6
C2399,44,BANK2_F13_IOR11A,gpio_bidir_3v3,2,3.3V,yes,tang_mega_138k_30353_Schematics.pdf sheet 6
C2399,45,GND,ground,,,no,tang_mega_138k_30353_Schematics.pdf sheet 6
C2399,46,GND,ground,,,no,tang_mega_138k_30353_Schematics.pdf sheet 6
C2399,47,BANK2_A14_IOR15B,gpio_bidir_3v3,2,3.3V,yes,tang_mega_138k_30353_Schematics.pdf sheet 6
C2399,48,BANK3_J16_IOR109A,gpio_bidir_3v3,3,3.3V,yes,tang_mega_138k_30353_Schematics.pdf sheet 6
C2399,49,BANK2_A13_IOR15A,gpio_bidir_3v3,2,3.3V,yes,tang_mega_138k_30353_Schematics.pdf sheet 6
C2399,50,BANK3_J17_IOR58B,gpio_bidir_3v3,3,3.3V,yes,tang_mega_138k_30353_Schematics.pdf sheet 6
C2399,51,GND,ground,,,no,tang_mega_138k_30353_Schematics.pdf sheet 6
C2399,52,BANK3_K17_IOR58A,gpio_bidir_3v3,3,3.3V,yes,tang_mega_138k_30353_Schematics.pdf sheet 6
C2399,53,BANK2_B13_IOR17B,gpio_bidir_3v3,2,3.3V,yes,tang_mega_138k_30353_Schematics.pdf sheet 6
C2399,54,BANK3_H15_IOR101B,gpio_bidir_3v3,3,3.3V,yes,tang_mega_138k_30353_Schematics.pdf sheet 6
C2399,55,BANK2_C13_IOR17A,gpio_bidir_3v3,2,3.3V,yes,tang_mega_138k_30353_Schematics.pdf sheet 6
C2399,56,BANK3_J15_IOR101A,gpio_bidir_3v3,3,3.3V,yes,tang_mega_138k_30353_Schematics.pdf sheet 6
C2399,57,GND,ground,,,no,tang_mega_138k_30353_Schematics.pdf sheet 6
C2399,58,BANK3_H14_IOR103B,gpio_bidir_3v3,3,3.3V,yes,tang_mega_138k_30353_Schematics.pdf sheet 6
C2399,59,BANK2_C15_IOR8B,gpio_bidir_3v3,2,3.3V,yes,tang_mega_138k_30353_Schematics.pdf sheet 6
C2399,60,BANK3_J14_IOR103A,gpio_bidir_3v3,3,3.3V,yes,tang_mega_138k_30353_Schematics.pdf sheet 6
C2399,61,BANK2_C14_IOR8A,gpio_bidir_3v3,2,3.3V,yes,tang_mega_138k_30353_Schematics.pdf sheet 6
C2399,62,BANK3_G16_IOR105B,gpio_bidir_3v3,3,3.3V,yes,tang_mega_138k_30353_Schematics.pdf sheet 6
C2399,63,GND,ground,,,no,tang_mega_138k_30353_Schematics.pdf sheet 6
C2399,64,BANK3_G15_IOR105A,gpio_bidir_3v3,3,3.3V,yes,tang_mega_138k_30353_Schematics.pdf sheet 6
C2399,65,BANK2_E14_IOR2B,gpio_bidir_3v3,2,3.3V,yes,tang_mega_138k_30353_Schematics.pdf sheet 6
C2399,66,BANK3_G13_IOR98B,gpio_bidir_3v3,3,3.3V,yes,tang_mega_138k_30353_Schematics.pdf sheet 6
C2399,67,BANK2_E13_IOR2A,gpio_bidir_3v3,2,3.3V,yes,tang_mega_138k_30353_Schematics.pdf sheet 6
C2399,68,BANK3_H13_IOR98A,gpio_bidir_3v3,3,3.3V,yes,tang_mega_138k_30353_Schematics.pdf sheet 6
C2399,69,GND,ground,,,no,tang_mega_138k_30353_Schematics.pdf sheet 6
C2399,70,GND,ground,,,no,tang_mega_138k_30353_Schematics.pdf sheet 6
C2399,71,Q0_REFCLKM_1,serdes,,,no,tang_mega_138k_30353_Schematics.pdf sheet 6
C2399,72,Q0_LN3_RXM_I,serdes,,,no,tang_mega_138k_30353_Schematics.pdf sheet 6
C2399,73,Q0_REFCLKP_1,serdes,,,no,tang_mega_138k_30353_Schematics.pdf sheet 6
C2399,74,Q0_LN3_RXP_I,serdes,,,no,tang_mega_138k_30353_Schematics.pdf sheet 6
C2399,75,GND,ground,,,no,tang_mega_138k_30353_Schematics.pdf sheet 6
C2399,76,GND,ground,,,no,tang_mega_138k_30353_Schematics.pdf sheet 6
C2399,77,Q0_LN1_TXM_O,serdes,,,no,tang_mega_138k_30353_Schematics.pdf sheet 6
C2399,78,Q0_LN2_RXM_I,serdes,,,no,tang_mega_138k_30353_Schematics.pdf sheet 6
C2399,79,Q0_LN1_TXP_O,serdes,,,no,tang_mega_138k_30353_Schematics.pdf sheet 6
C2399,80,Q0_LN2_RXP_I,serdes,,,no,tang_mega_138k_30353_Schematics.pdf sheet 6
C2399,81,GND,ground,,,no,tang_mega_138k_30353_Schematics.pdf sheet 6
C2399,82,GND,ground,,,no,tang_mega_138k_30353_Schematics.pdf sheet 6
C2399,83,Q0_LN2_TXM_O,serdes,,,no,tang_mega_138k_30353_Schematics.pdf sheet 6
C2399,84,Q0_LN1_RXM_I,serdes,,,no,tang_mega_138k_30353_Schematics.pdf sheet 6
C2399,85,Q0_LN2_TXP_O,serdes,,,no,tang_mega_138k_30353_Schematics.pdf sheet 6
C2399,86,Q0_LN1_RXP_I,serdes,,,no,tang_mega_138k_30353_Schematics.pdf sheet 6
C2399,87,GND,ground,,,no,tang_mega_138k_30353_Schematics.pdf sheet 6
C2399,88,GND,ground,,,no,tang_mega_138k_30353_Schematics.pdf sheet 6
C2399,89,Q0_LN3_TXM_O,serdes,,,no,tang_mega_138k_30353_Schematics.pdf sheet 6
C2399,90,Q0_LN0_RXM_I,serdes,,,no,tang_mega_138k_30353_Schematics.pdf sheet 6
C2399,91,Q0_LN3_TXP_O,serdes,,,no,tang_mega_138k_30353_Schematics.pdf sheet 6
C2399,92,Q0_LN0_RXP_I,serdes,,,no,tang_mega_138k_30353_Schematics.pdf sheet 6
C2399,93,GND,ground,,,no,tang_mega_138k_30353_Schematics.pdf sheet 6
C2399,94,GND,ground,,,no,tang_mega_138k_30353_Schematics.pdf sheet 6
C2399,95,Q0_LN0_TXM_O,serdes,,,no,tang_mega_138k_30353_Schematics.pdf sheet 6
C2399,96,Q0_REFCLKM_0,serdes,,,no,tang_mega_138k_30353_Schematics.pdf sheet 6
C2399,97,Q0_LN0_TXP_O,serdes,,,no,tang_mega_138k_30353_Schematics.pdf sheet 6
C2399,98,Q0_REFCLKP_0,serdes,,,no,tang_mega_138k_30353_Schematics.pdf sheet 6
C2399,99,GND,ground,,,no,tang_mega_138k_30353_Schematics.pdf sheet 6
C2399,100,GND,ground,,,no,tang_mega_138k_30353_Schematics.pdf sheet 6
C2400,1,VCCIO4,power,,,no,tang_mega_138k_30353_Schematics.pdf sheet 6
C2400,2,BANK4_W22_IOB124B,gpio_bidir_3v3,4,3.3V,yes,tang_mega_138k_30353_Schematics.pdf sheet 6
C2400,3,BANK4_Y22_IOB131B,gpio_bidir_3v3,4,3.3V,yes,tang_mega_138k_30353_Schematics.pdf sheet 6
C2400,4,BANK4_W21_IOB124A,gpio_bidir_3v3,4,3.3V,yes,tang_mega_138k_30353_Schematics.pdf sheet 6
C2400,5,BANK4_Y21_IOB131A,gpio_bidir_3v3,4,3.3V,yes,tang_mega_138k_30353_Schematics.pdf sheet 6
C2400,6,BANK4_V20_IOB120B,gpio_bidir_3v3,4,3.3V,yes,tang_mega_138k_30353_Schematics.pdf sheet 6
C2400,7,BANK4_AB22_IOB129B,gpio_bidir_3v3,4,3.3V,yes,tang_mega_138k_30353_Schematics.pdf sheet 6
C2400,8,BANK4_U20_IOB120A,gpio_bidir_3v3,4,3.3V,yes,tang_mega_138k_30353_Schematics.pdf sheet 6
C2400,9,BANK4_AB21_IOB129A,gpio_bidir_3v3,4,3.3V,yes,tang_mega_138k_30353_Schematics.pdf sheet 6
C2400,10,BANK3_M17_IOR73A,gpio_bidir_3v3,3,3.3V,yes,tang_mega_138k_30353_Schematics.pdf sheet 6
C2400,11,BANK4_AA21_IOB126B,gpio_bidir_3v3,4,3.3V,yes,tang_mega_138k_30353_Schematics.pdf sheet 6
C2400,12,BANK4_P17_IOB135B,gpio_bidir_3v3,4,3.3V,yes,tang_mega_138k_30353_Schematics.pdf sheet 6
C2400,13,BANK4_AA20_IOB126A,gpio_bidir_3v3,4,3.3V,yes,tang_mega_138k_30353_Schematics.pdf sheet 6
C2400,14,BANK4_N17_IOB135A,gpio_bidir_3v3,4,3.3V,yes,tang_mega_138k_30353_Schematics.pdf sheet 6
C2400,15,BANK4_AB20_IOB110B,gpio_bidir_3v3,4,3.3V,yes,tang_mega_138k_30353_Schematics.pdf sheet 6
C2400,16,BANK3_M16_IOR67B,gpio_bidir_3v3,3,3.3V,yes,tang_mega_138k_30353_Schematics.pdf sheet 6
C2400,17,BANK4_AA19_IOB110A,gpio_bidir_3v3,4,3.3V,yes,tang_mega_138k_30353_Schematics.pdf sheet 6
C2400,18,BANK3_M15_IOR67A,gpio_bidir_3v3,3,3.3V,yes,tang_mega_138k_30353_Schematics.pdf sheet 6
C2400,19,BANK4_W20_IOB122B,gpio_bidir_3v3,4,3.3V,yes,tang_mega_138k_30353_Schematics.pdf sheet 6
C2400,20,BANK4_N15_IOB146A,gpio_bidir_3v3,4,3.3V,yes,tang_mega_138k_30353_Schematics.pdf sheet 6
C2400,21,BANK4_W19_IOB122A,gpio_bidir_3v3,4,3.3V,yes,tang_mega_138k_30353_Schematics.pdf sheet 6
C2400,22,BANK4_N13_IOB142A,gpio_bidir_3v3,4,3.3V,yes,tang_mega_138k_30353_Schematics.pdf sheet 6
C2400,23,BANK4_AB18_IOB108B,gpio_bidir_3v3,4,3.3V,yes,tang_mega_138k_30353_Schematics.pdf sheet 6
C2400,24,BANK4_N14_IOB142B,gpio_bidir_3v3,4,3.3V,yes,tang_mega_138k_30353_Schematics.pdf sheet 6
C2400,25,BANK4_AA18_IOB108A,gpio_bidir_3v3,4,3.3V,yes,tang_mega_138k_30353_Schematics.pdf sheet 6
C2400,26,BANK5_Y17,bank5_unconfirmed,5,,no,tang_mega_138k_30353_Schematics.pdf sheet 6
C2400,27,BANK4_Y19_IOB116B,gpio_bidir_3v3,4,3.3V,yes,tang_mega_138k_30353_Schematics.pdf sheet 6
C2400,28,BANK5_AB17,bank5_unconfirmed,5,,no,tang_mega_138k_30353_Schematics.pdf sheet 6
C2400,29,BANK4_Y18_IOB116A,gpio_bidir_3v3,4,3.3V,yes,tang_mega_138k_30353_Schematics.pdf sheet 6
C2400,30,BANK5_AA16,bank5_unconfirmed,5,,no,tang_mega_138k_30353_Schematics.pdf sheet 6
C2400,31,BANK4_W17_IOB106B,gpio_bidir_3v3,4,3.3V,yes,tang_mega_138k_30353_Schematics.pdf sheet 6
C2400,32,BANK3_M13_IOR56A,gpio_bidir_3v3,3,3.3V,yes,tang_mega_138k_30353_Schematics.pdf sheet 6
C2400,33,BANK4_V17_IOB106A,gpio_bidir_3v3,4,3.3V,yes,tang_mega_138k_30353_Schematics.pdf sheet 6
C2400,34,BANK3_L13_IOR56B,gpio_bidir_3v3,3,3.3V,yes,tang_mega_138k_30353_Schematics.pdf sheet 6
C2400,35,BANK4_U18_IOB112B,gpio_bidir_3v3,4,3.3V,yes,tang_mega_138k_30353_Schematics.pdf sheet 6
C2400,36,BANK5_AB16,bank5_unconfirmed,5,,no,tang_mega_138k_30353_Schematics.pdf sheet 6
C2400,37,BANK4_U17_IOB112A,gpio_bidir_3v3,4,3.3V,yes,tang_mega_138k_30353_Schematics.pdf sheet 6
C2400,38,BANK5_AA15,bank5_unconfirmed,5,,no,tang_mega_138k_30353_Schematics.pdf sheet 6
C2400,39,BANK5_W,bank5_unconfirmed,5,,no,tang_mega_138k_30353_Schematics.pdf sheet 6
C2400,40,BANK5_AB15,bank5_unconfirmed,5,,no,tang_mega_138k_30353_Schematics.pdf sheet 6
C2400,41,BANK5_U16,bank5_unconfirmed,5,,no,tang_mega_138k_30353_Schematics.pdf sheet 6
C2400,42,BANK5_Y16,bank5_unconfirmed,5,,no,tang_mega_138k_30353_Schematics.pdf sheet 6
C2400,43,BANK5_T16,bank5_unconfirmed,5,,no,tang_mega_138k_30353_Schematics.pdf sheet 6
C2400,44,BANK5_W,bank5_unconfirmed,5,,no,tang_mega_138k_30353_Schematics.pdf sheet 6
C2400,45,BANK5_T15,bank5_unconfirmed,5,,no,tang_mega_138k_30353_Schematics.pdf sheet 6
C2400,46,BANK5_V15,bank5_unconfirmed,5,,no,tang_mega_138k_30353_Schematics.pdf sheet 6
C2400,47,GND,ground,,,no,tang_mega_138k_30353_Schematics.pdf sheet 6
C2400,48,BANK5_W,bank5_unconfirmed,5,,no,tang_mega_138k_30353_Schematics.pdf sheet 6
C2400,49,BANK4_R16_IOB140B,gpio_bidir_3v3,4,3.3V,yes,tang_mega_138k_30353_Schematics.pdf sheet 6
C2400,50,BANK5_U15,bank5_unconfirmed,5,,no,tang_mega_138k_30353_Schematics.pdf sheet 6
C2400,51,BANK4_P15_IOB140A,gpio_bidir_3v3,4,3.3V,yes,tang_mega_138k_30353_Schematics.pdf sheet 6
C2400,52,BANK5_Y14,bank5_unconfirmed,5,,no,tang_mega_138k_30353_Schematics.pdf sheet 6
C2400,53,GND,ground,,,no,tang_mega_138k_30353_Schematics.pdf sheet 6
C2400,54,BANK5_V14,bank5_unconfirmed,5,,no,tang_mega_138k_30353_Schematics.pdf sheet 6
C2400,55,BANK4_R14_IOB133B,gpio_bidir_3v3,4,3.3V,yes,tang_mega_138k_30353_Schematics.pdf sheet 6
C2400,56,BANK5_Y13,bank5_unconfirmed,5,,no,tang_mega_138k_30353_Schematics.pdf sheet 6
C2400,57,BANK4_P14_IOB133A,gpio_bidir_3v3,4,3.3V,yes,tang_mega_138k_30353_Schematics.pdf sheet 6
C2400,58,BANK5_AA14,bank5_unconfirmed,5,,no,tang_mega_138k_30353_Schematics.pdf sheet 6
C2400,59,GND,ground,,,no,tang_mega_138k_30353_Schematics.pdf sheet 6
C2400,60,BANK5_AA13,bank5_unconfirmed,5,,no,tang_mega_138k_30353_Schematics.pdf sheet 6
C2400,61,BANK3_K14_IOR60B,gpio_bidir_3v3,3,3.3V,yes,tang_mega_138k_30353_Schematics.pdf sheet 6
C2400,62,BANK5_AB13,bank5_unconfirmed,5,,no,tang_mega_138k_30353_Schematics.pdf sheet 6
C2400,63,BANK3_K13_IOR60A,gpio_bidir_3v3,3,3.3V,yes,tang_mega_138k_30353_Schematics.pdf sheet 6
C2400,64,BANK5_Y12,bank5_unconfirmed,5,,no,tang_mega_138k_30353_Schematics.pdf sheet 6
C2400,65,GND,ground,,,no,tang_mega_138k_30353_Schematics.pdf sheet 6
C2400,66,BANK5_AB12,bank5_unconfirmed,5,,no,tang_mega_138k_30353_Schematics.pdf sheet 6
C2400,67,VCCIO5,power,,,no,tang_mega_138k_30353_Schematics.pdf sheet 6
C2400,68,BANK5_V10,bank5_unconfirmed,5,,no,tang_mega_138k_30353_Schematics.pdf sheet 6
C2400,69,BANK10_U9_MODE2,configuration,10,,no,tang_mega_138k_30353_Schematics.pdf sheet 6
C2400,70,BANK5_W,bank5_unconfirmed,5,,no,tang_mega_138k_30353_Schematics.pdf sheet 6
C2400,71,BANK10_U10_MODE1,configuration,10,,no,tang_mega_138k_30353_Schematics.pdf sheet 6
C2400,72,BANK5_Y11,bank5_unconfirmed,5,,no,tang_mega_138k_30353_Schematics.pdf sheet 6
C2400,73,BANK10_U11_MODE0,configuration,10,,no,tang_mega_138k_30353_Schematics.pdf sheet 6
C2400,74,BANK5_W,bank5_unconfirmed,5,,no,tang_mega_138k_30353_Schematics.pdf sheet 6
C2400,75,BANK10_U8_CFGBVS,configuration,10,,no,tang_mega_138k_30353_Schematics.pdf sheet 6
C2400,76,BANK5_AB11,bank5_unconfirmed,5,,no,tang_mega_138k_30353_Schematics.pdf sheet 6
C2400,77,NC,nc,,,no,tang_mega_138k_30353_Schematics.pdf sheet 6
C2400,78,BANK5_AA11,bank5_unconfirmed,5,,no,tang_mega_138k_30353_Schematics.pdf sheet 6
C2400,79,NC,nc,,,no,tang_mega_138k_30353_Schematics.pdf sheet 6
C2400,80,BANK5_AB10,bank5_unconfirmed,5,,no,tang_mega_138k_30353_Schematics.pdf sheet 6
C2400,81,GND,ground,,,no,tang_mega_138k_30353_Schematics.pdf sheet 6
C2400,82,BANK5_AA10,bank5_unconfirmed,5,,no,tang_mega_138k_30353_Schematics.pdf sheet 6
C2400,83,NC,nc,,,no,tang_mega_138k_30353_Schematics.pdf sheet 6
C2400,84,BANK5_AA9,bank5_unconfirmed,5,,no,tang_mega_138k_30353_Schematics.pdf sheet 6
C2400,85,NC,nc,,,no,tang_mega_138k_30353_Schematics.pdf sheet 6
C2400,86,BANK5_W,bank5_unconfirmed,5,,no,tang_mega_138k_30353_Schematics.pdf sheet 6
C2400,87,NC,nc,,,no,tang_mega_138k_30353_Schematics.pdf sheet 6
C2400,88,BANK5_V13,bank5_unconfirmed,5,,no,tang_mega_138k_30353_Schematics.pdf sheet 6
C2400,89,NC,nc,,,no,tang_mega_138k_30353_Schematics.pdf sheet 6
C2400,90,BANK5_T14,bank5_unconfirmed,5,,no,tang_mega_138k_30353_Schematics.pdf sheet 6
C2400,91,NC,nc,,,no,tang_mega_138k_30353_Schematics.pdf sheet 6
C2400,92,N9_ADCTN,adc,,,no,tang_mega_138k_30353_Schematics.pdf sheet 6
C2400,93,5V0,power,,,no,tang_mega_138k_30353_Schematics.pdf sheet 6
C2400,94,N10_ADCTP,adc,,,no,tang_mega_138k_30353_Schematics.pdf sheet 6
C2400,95,NC,nc,,,no,tang_mega_138k_30353_Schematics.pdf sheet 6
C2400,96,M9_ADCVN,adc,,,no,tang_mega_138k_30353_Schematics.pdf sheet 6
C2400,97,NC,nc,,,no,tang_mega_138k_30353_Schematics.pdf sheet 6
C2400,98,L10_ADCVP,adc,,,no,tang_mega_138k_30353_Schematics.pdf sheet 6
C2400,99,NC,nc,,,no,tang_mega_138k_30353_Schematics.pdf sheet 6
C2400,100,GND,ground,,,no,tang_mega_138k_30353_Schematics.pdf sheet 6
BTB9900,1,GND,ground,,,no,tang_mega_138k_30353_Schematics.pdf sheet 6
BTB9900,2,GND,ground,,,no,tang_mega_138k_30353_Schematics.pdf sheet 6
BTB9900,3,BANK10_T13_JTAG_TMS,jtag,10,,no,tang_mega_138k_30353_Schematics.pdf sheet 6
BTB9900,4,BANK4_V19_IOB114B,gpio_bidir_3v3,4,3.3V,yes,tang_mega_138k_30353_Schematics.pdf sheet 6
BTB9900,5,BANK10_U13_JTAG_TDO,jtag,10,,no,tang_mega_138k_30353_Schematics.pdf sheet 6
BTB9900,6,BANK4_V18_IOB114A,gpio_bidir_3v3,4,3.3V,yes,tang_mega_138k_30353_Schematics.pdf sheet 6
BTB9900,7,BANK10_V12_JTAG_TCK,jtag,10,,no,tang_mega_138k_30353_Schematics.pdf sheet 6
BTB9900,8,GND,ground,,,no,tang_mega_138k_30353_Schematics.pdf sheet 6
BTB9900,9,BANK10_R13_JTAG_TDI,jtag,10,,no,tang_mega_138k_30353_Schematics.pdf sheet 6
BTB9900,10,BANK4_U22_IOB104A_PUDC,gpio_bidir_3v3,4,3.3V,yes,tang_mega_138k_30353_Schematics.pdf sheet 6
BTB9900,11,GND,ground,,,no,tang_mega_138k_30353_Schematics.pdf sheet 6
BTB9900,12,BANK4_T18_IOB138B,gpio_bidir_3v3,4,3.3V,yes,tang_mega_138k_30353_Schematics.pdf sheet 6
BTB9900,13,BANK4_U21_IOB97B,gpio_bidir_3v3,4,3.3V,yes,tang_mega_138k_30353_Schematics.pdf sheet 6
BTB9900,14,BANK4_R18_IOB138A,gpio_bidir_3v3,4,3.3V,yes,tang_mega_138k_30353_Schematics.pdf sheet 6
BTB9900,15,BANK4_T21_IOB97A,gpio_bidir_3v3,4,3.3V,yes,tang_mega_138k_30353_Schematics.pdf sheet 6
BTB9900,16,GND,ground,,,no,tang_mega_138k_30353_Schematics.pdf sheet 6
BTB9900,17,GND,ground,,,no,tang_mega_138k_30353_Schematics.pdf sheet 6
BTB9900,18,BANK4_R17_IOB144B,gpio_bidir_3v3,4,3.3V,yes,tang_mega_138k_30353_Schematics.pdf sheet 6
BTB9900,19,BANK4_T20_IOB102B,gpio_bidir_3v3,4,3.3V,yes,tang_mega_138k_30353_Schematics.pdf sheet 6
BTB9900,20,BANK4_P16_IOB144A,gpio_bidir_3v3,4,3.3V,yes,tang_mega_138k_30353_Schematics.pdf sheet 6
BTB9900,21,GND,ground,,,no,tang_mega_138k_30353_Schematics.pdf sheet 6
BTB9900,22,GND,ground,,,no,tang_mega_138k_30353_Schematics.pdf sheet 6
BTB9900,23,BANK4_R19_IOB99B,gpio_bidir_3v3,4,3.3V,yes,tang_mega_138k_30353_Schematics.pdf sheet 6
BTB9900,24,BANK3_L14_IOR62A,gpio_bidir_3v3,3,3.3V,yes,tang_mega_138k_30353_Schematics.pdf sheet 6
BTB9900,25,BANK4_P19_IOB99A,gpio_bidir_3v3,4,3.3V,yes,tang_mega_138k_30353_Schematics.pdf sheet 6
BTB9900,26,BANK3_L15_IOR62B,gpio_bidir_3v3,3,3.3V,yes,tang_mega_138k_30353_Schematics.pdf sheet 6
BTB9900,27,GND,ground,,,no,tang_mega_138k_30353_Schematics.pdf sheet 6
BTB9900,28,BANK3_N20_IOR94A,gpio_bidir_3v3,3,3.3V,yes,tang_mega_138k_30353_Schematics.pdf sheet 6
BTB9900,29,VCCIO3,power,,,no,tang_mega_138k_30353_Schematics.pdf sheet 6
BTB9900,30,BANK3_M20_IOR94B,gpio_bidir_3v3,3,3.3V,yes,tang_mega_138k_30353_Schematics.pdf sheet 6
BTB9900,31,BANK3_N22_IOR89A,gpio_bidir_3v3,3,3.3V,yes,tang_mega_138k_30353_Schematics.pdf sheet 6
BTB9900,32,BANK3_L16_IOR65A,gpio_bidir_3v3,3,3.3V,yes,tang_mega_138k_30353_Schematics.pdf sheet 6
BTB9900,33,BANK3_M22_IOR89B,gpio_bidir_3v3,3,3.3V,yes,tang_mega_138k_30353_Schematics.pdf sheet 6
BTB9900,34,BANK3_K16_IOR65B,gpio_bidir_3v3,3,3.3V,yes,tang_mega_138k_30353_Schematics.pdf sheet 6
BTB9900,35,GND,ground,,,no,tang_mega_138k_30353_Schematics.pdf sheet 6
BTB9900,36,BANK4_P20_IOB92A,gpio_bidir_3v3,4,3.3V,yes,tang_mega_138k_30353_Schematics.pdf sheet 6
BTB9900,37,BANK3_M21_IOR71A,gpio_bidir_3v3,3,3.3V,yes,tang_mega_138k_30353_Schematics.pdf sheet 6
BTB9900,38,GND,ground,,,no,tang_mega_138k_30353_Schematics.pdf sheet 6
BTB9900,39,BANK3_L21_IOR71B,gpio_bidir_3v3,3,3.3V,yes,tang_mega_138k_30353_Schematics.pdf sheet 6
BTB9900,40,BANK3_N18_IOR92A,gpio_bidir_3v3,3,3.3V,yes,tang_mega_138k_30353_Schematics.pdf sheet 6
BTB9900,41,BANK3_L19_IOR85A,gpio_bidir_3v3,3,3.3V,yes,tang_mega_138k_30353_Schematics.pdf sheet 6
BTB9900,42,BANK3_N19_IOR92B,gpio_bidir_3v3,3,3.3V,yes,tang_mega_138k_30353_Schematics.pdf sheet 6
BTB9900,43,BANK3_L20_IOR85B,gpio_bidir_3v3,3,3.3V,yes,tang_mega_138k_30353_Schematics.pdf sheet 6
BTB9900,44,BANK3_M18_IOR87A,gpio_bidir_3v3,3,3.3V,yes,tang_mega_138k_30353_Schematics.pdf sheet 6
BTB9900,45,BANK3_K21_IOR76A,gpio_bidir_3v3,3,3.3V,yes,tang_mega_138k_30353_Schematics.pdf sheet 6
BTB9900,46,BANK3_L18_IOR87B,gpio_bidir_3v3,3,3.3V,yes,tang_mega_138k_30353_Schematics.pdf sheet 6
BTB9900,47,BANK3_K22_IOR76B,gpio_bidir_3v3,3,3.3V,yes,tang_mega_138k_30353_Schematics.pdf sheet 6
BTB9900,48,BANK3_K18_IOR83A,gpio_bidir_3v3,3,3.3V,yes,tang_mega_138k_30353_Schematics.pdf sheet 6
BTB9900,49,BANK3_J22_IOR74A,gpio_bidir_3v3,3,3.3V,yes,tang_mega_138k_30353_Schematics.pdf sheet 6
BTB9900,50,BANK3_K19_IOR83B,gpio_bidir_3v3,3,3.3V,yes,tang_mega_138k_30353_Schematics.pdf sheet 6
BTB9900,51,BANK3_H22_IOR74B,gpio_bidir_3v3,3,3.3V,yes,tang_mega_138k_30353_Schematics.pdf sheet 6
BTB9900,52,BANK3_H17_IOR96A,gpio_bidir_3v3,3,3.3V,yes,tang_mega_138k_30353_Schematics.pdf sheet 6
BTB9900,53,BANK3_J20_IOR78A,gpio_bidir_3v3,3,3.3V,yes,tang_mega_138k_30353_Schematics.pdf sheet 6
BTB9900,54,BANK3_H18_IOR96B,gpio_bidir_3v3,3,3.3V,yes,tang_mega_138k_30353_Schematics.pdf sheet 6
BTB9900,55,BANK3_J21_IOR78B,gpio_bidir_3v3,3,3.3V,yes,tang_mega_138k_30353_Schematics.pdf sheet 6
BTB9900,56,BANK3_J19_IOR80A,gpio_bidir_3v3,3,3.3V,yes,tang_mega_138k_30353_Schematics.pdf sheet 6
BTB9900,57,BANK3_G17_IOR107A,gpio_bidir_3v3,3,3.3V,yes,tang_mega_138k_30353_Schematics.pdf sheet 6
BTB9900,58,BANK3_H19_IOR80B,gpio_bidir_3v3,3,3.3V,yes,tang_mega_138k_30353_Schematics.pdf sheet 6
BTB9900,59,BANK3_G18_IOR107B,gpio_bidir_3v3,3,3.3V,yes,tang_mega_138k_30353_Schematics.pdf sheet 6
BTB9900,60,GND,ground,,,no,tang_mega_138k_30353_Schematics.pdf sheet 6
BTB9900,61,BANK10_N12_RECONFIG,configuration,10,,no,tang_mega_138k_30353_Schematics.pdf sheet 6
BTB9900,62,BANK3_H20_IOR69A,gpio_bidir_3v3,3,3.3V,yes,tang_mega_138k_30353_Schematics.pdf sheet 6
BTB9900,63,GND,ground,,,no,tang_mega_138k_30353_Schematics.pdf sheet 6
BTB9900,64,BANK3_G20_IOR69B,gpio_bidir_3v3,3,3.3V,yes,tang_mega_138k_30353_Schematics.pdf sheet 6
BTB9900,65,BANK2_G21_IOR53A,gpio_bidir_3v3,2,3.3V,yes,tang_mega_138k_30353_Schematics.pdf sheet 6
BTB9900,66,GND,ground,,,no,tang_mega_138k_30353_Schematics.pdf sheet 6
BTB9900,67,BANK2_G22_IOR53B,gpio_bidir_3v3,2,3.3V,yes,tang_mega_138k_30353_Schematics.pdf sheet 6
BTB9900,68,BANK2_F19_IOR33A,gpio_bidir_3v3,2,3.3V,yes,tang_mega_138k_30353_Schematics.pdf sheet 6
BTB9900,69,BANK2_F18_IOR35A,gpio_bidir_3v3,2,3.3V,yes,tang_mega_138k_30353_Schematics.pdf sheet 6
BTB9900,70,BANK2_F20_IOR33B,gpio_bidir_3v3,2,3.3V,yes,tang_mega_138k_30353_Schematics.pdf sheet 6
BTB9900,71,BANK2_E18_IOR35B,gpio_bidir_3v3,2,3.3V,yes,tang_mega_138k_30353_Schematics.pdf sheet 6
BTB9900,72,BANK2_F21_IOR55A,gpio_bidir_3v3,2,3.3V,yes,tang_mega_138k_30353_Schematics.pdf sheet 6
BTB9900,73,BANK2_C22_IOR42A,gpio_bidir_3v3,2,3.3V,yes,tang_mega_138k_30353_Schematics.pdf sheet 6
BTB9900,74,BANK2_E22_IOR49A,gpio_bidir_3v3,2,3.3V,yes,tang_mega_138k_30353_Schematics.pdf sheet 6
BTB9900,75,BANK2_B22_IOR42B,gpio_bidir_3v3,2,3.3V,yes,tang_mega_138k_30353_Schematics.pdf sheet 6
BTB9900,76,BANK2_D22_IOR49B,gpio_bidir_3v3,2,3.3V,yes,tang_mega_138k_30353_Schematics.pdf sheet 6
BTB9900,77,BANK10_G11_DONE,configuration,10,,no,tang_mega_138k_30353_Schematics.pdf sheet 6
BTB9900,78,BANK2_E21_IOR51A,gpio_bidir_3v3,2,3.3V,yes,tang_mega_138k_30353_Schematics.pdf sheet 6
BTB9900,79,BANK10_U12_READY,configuration,10,,no,tang_mega_138k_30353_Schematics.pdf sheet 6
BTB9900,80,BANK2_D21_IOR51B,gpio_bidir_3v3,2,3.3V,yes,tang_mega_138k_30353_Schematics.pdf sheet 6
